group_label,Total
0%,0.0
10%,2.669176327416442
20%,-0.5688422554317557
30%,-2.2742270198635337
